timeseries,flux,flux_errors
1905.3300371125201,1.0044045448303223,0.000906890201457339
1905.3439784289785,1.0027765035629272,0.0008731239718338186
1905.3579174382717,0.9991528987884521,0.0008492948021608279
1905.3718243005228,1.0029444694519043,0.0008178759673674192
1905.385662833533,1.000962257385254,0.0007950181251913194
1905.3982088724,0.9999175667762756,0.0008802518059896262
1906.3273924137204,1.0034266710281372,0.0008300035709735454
1906.3411991249493,1.003540277481079,0.0007847405159181891
1906.3551778424933,1.0033495426177979,0.0007515055849444502
1906.3690876610306,1.0044336318969727,0.0007389236163596235
1906.3829262278578,1.0026856660842896,0.0007261916624151308
1906.3968356730386,1.003003716468811,0.0007134049889292105
1906.4042060185184,1.0036320686340332,0.003096894294791455
1907.325390267374,1.004538893699646,0.0007898677009680933
1907.3392282706086,1.0029175281524658,0.0007541595011281836
1907.3530514855513,1.0025445222854614,0.0007428101691788939
1907.3670173735563,1.0024919509887695,0.0007218317942525986
1907.380921774356,1.0025724172592163,0.0007138688055246246
1907.394816308244,1.0037336349487305,0.0007022021096005083
1907.4032273391813,1.000227928161621,0.0015611150223453021
1908.3228602596846,1.0043141841888428,0.0007963144263271755
1908.3366318158437,1.0042914152145386,0.0007526437829020336
1908.3505272633745,1.0017120838165283,0.0007308266141953038
1908.364480438543,1.003380298614502,0.0007173973795147622
1908.3782313774448,1.004377841949463,0.0007111395319753524
1908.3922055455992,1.0023454427719116,0.0006904385791349234
1908.4023478009258,0.9997867345809937,0.0010598407018045104
1909.3200198412696,1.0000436305999756,0.0008147508783792008
1909.333958467915,1.0012016296386719,0.0007922463265367461
1909.3477337459742,1.0020992755889893,0.000751779353240164
1909.3617429269548,1.0009336471557617,0.0007473408721588909
1909.3754700958227,1.0019080638885498,0.0007476671039555494
1909.3894769804524,1.001346230506897,0.000719176880036133
1909.400954089506,0.9998234510421753,0.0008775010160158251
1910.317014197531,1.0026521682739258,0.0007979159162643727
1910.3313501227135,1.001270055770874,0.000736988842406735
1910.3450752995648,1.0014925003051758,0.0007147393850208066
1910.3587083853517,1.0010956525802612,0.0006858110921230782
1910.372769812824,0.9995635151863098,0.0006552657876395369
1910.386669337607,0.9995450973510742,0.000652932593394818
1910.400000275573,0.998451828956604,0.0006722454000351857
1911.314431309821,1.004066824913025,0.0006688678913661827
1911.3283902080846,1.0010334253311157,0.0006424044985168239
1911.342213446276,1.0017398595809937,0.0006390714136680939
1911.3561571585028,1.0019946098327637,0.0006239957726975493
1911.3700935882118,0.999805212020874,0.0006175892437435888
1911.3839499043881,1.0003159046173096,0.0006226316333532593
1911.397818971525,1.0009281635284424,0.0006169186712570098
1911.4056186868686,1.0010944604873657,0.001800864141510704
1912.3118493080995,1.004425287246704,0.0006401088175066388
1912.325703983516,1.0052067041397095,0.0006344911040216334
1912.3395630475907,1.0036956071853638,0.0006121602059333451
1912.3534530998386,1.0051771402359009,0.0006062994148032044
1912.3673453056554,1.0024958848953247,0.0005979094618540243
1912.3812367904586,1.0031085014343262,0.0005976981216959522
1912.395136524293,1.0005557537078857,0.000589959695323002
1912.4043007662835,1.004085898399353,0.0010623579438920475
1913.3090514346763,1.0061315298080444,0.0005685725523875185
1913.3230126559988,1.004238247871399,0.0005607194789108055
1913.3368913546697,1.003174901008606,0.000558764210748945
1913.3507152517686,1.0056650638580322,0.000566872497096074
1913.3646404488725,1.0022227764129639,0.0005560057120061253
1913.378499396135,1.0015239715576172,0.0005523434039248043
1913.3924316756272,1.0022766590118408,0.0005498408793139109
1913.4033462428774,1.002859354019165,0.0007472324751585072
1916.3010030043338,1.0001026391983032,0.0005340718981438413
1916.3149671445642,0.9991084337234497,0.0005345276954952869
1916.3288612604538,0.9978944063186646,0.0005342533642330269
1916.3427579898453,0.9972133636474609,0.0005321348112803704
1916.3566440163281,0.9969257116317749,0.0005238225202034627
1916.370527553763,0.9970444440841675,0.0005207574798173079
1916.38435474537,0.9965733289718628,0.0005219672533333635
1916.3981848616093,0.9967548847198486,0.00052192223195537
1916.4066278935188,0.9992697238922119,0.0011372033754856617
1917.298243312757,1.0015907287597656,0.000549867623619222
1917.3121427469137,1.000990867614746,0.000548457015018367
1917.3261154354905,0.9991199374198914,0.0005446927087561754
1917.3399886748302,1.0009361505508423,0.0005445303280112537
1917.3538898845081,0.999303936958313,0.000548254492202506
1917.3677755132853,0.9995436072349548,0.0005457707759192391
1917.3816951662684,0.9995388388633728,0.0005418754199317582
1917.3956123058542,1.0000438690185547,0.00053444463236453
1917.405783537898,1.0008107423782349,0.0007912581402720286
1918.3383969907409,0.9999865889549255,0.0008258547130506304
1921.2881263616557,1.0000898838043213,0.0007340870771597321
1921.3023715277777,0.9991079568862915,0.0006757529224382931
1921.3159242353308,0.9995216727256775,0.0006306480989701137
1921.330213099128,1.0013047456741333,0.0006290958833082943
1921.343761059671,1.0015273094177246,0.0006098403373490283
1921.3577598443221,0.9999220967292786,0.0006102496461821014
1921.3716006944449,0.9992415904998779,0.0006081609080070758
1921.385491898148,1.0004446506500244,0.0005962951563746997
1921.399503572866,0.9982397556304932,0.0006010521460717801
1921.4082156635802,0.9958760142326355,0.001171057436160615
1922.2856531964146,1.001579999923706,0.0005697224470511907
1922.2995489885266,1.002100944519043,0.0005781261292066279
1922.3134387312848,1.0009169578552246,0.0005787482843954918
1922.327395833333,1.0014761686325073,0.0005811563271243572
1922.341284224413,1.0013105869293213,0.0005753358293485091
1922.3551754778973,1.0018128156661987,0.0005694625083036058
1922.3689994716187,1.0000499486923218,0.0005666037499151656
1922.382819593787,0.9997720122337341,0.0005586574961036569
1922.3967166965351,0.9987711906433105,0.0005575485896372714
1922.4069532627864,0.998242199420929,0.0008339087986652549
1923.2828481325428,1.002693772315979,0.0005540658981233707
1923.2968229788924,1.001898169517517,0.0005448504633028476
1923.3107284199518,1.0033601522445679,0.0005508217651690135
1923.3246300029869,1.0022608041763306,0.0005599528320080073
1923.338537310832,1.0024632215499878,0.0005655803272659884
1923.3524310533655,1.0016047954559326,0.0005732703473000397
1923.3663312674241,1.0027111768722534,0.0005743081517333537
1923.3802272500993,1.0020134449005127,0.0005752322565105809
1923.3941105386293,1.0006998777389526,0.0005764978267653578
1923.4059759048819,0.9997596144676208,0.0006875986811850552
1926.3200188237684,1.000581979751587,0.0005256142858887852
1926.3337796196738,1.0000903606414795,0.0005185112697247357
1926.3476788381122,1.0002691745758057,0.0005151704227024105
1926.3615714605733,1.0004322528839111,0.0005113624015411463
1926.3754592293901,0.999953031539917,0.0005088277959072545
1926.3893624303066,0.9985067844390869,0.000507519084353116
1926.4032574173643,0.9991821050643921,0.0005070125507576503
1926.4110976080246,0.9974496960639954,0.0014339150371068838
1927.2725791978778,0.9994091987609863,0.0005636982385742071
1927.2864728652264,0.9994983673095703,0.000562228985844982
1927.3002984550562,0.9990049004554749,0.0005628813796439458
1927.3140181949423,0.9987677931785583,0.0005521281099843581
1927.3278526318438,0.9983969926834106,0.0005515709103854817
1927.3418274591793,0.9989496469497681,0.0005475220027066009
1927.3557399940264,0.99809330701828,0.000547253468178877
1927.3696379679407,0.9997684359550476,0.0005440895519393008
1927.3835361907607,0.9972304701805115,0.000541875976818743
1927.3974327956992,0.9990429282188416,0.0005413272030612184
1927.4082694533477,0.9976033568382263,0.0007271023769257278
1928.2696931003586,0.9999234676361084,0.0005379459332072355
1928.2836089954194,0.9996066689491272,0.0005320003962510667
1928.2975329798878,0.9991469383239746,0.000526143618561772
1928.3114550975706,0.9974217414855957,0.0005247833445833722
1928.3253774641578,0.9989503622055054,0.000521803486878867
1928.3392200080518,0.9971901178359985,0.00052177065264693
1928.3530564267228,0.9964215159416199,0.0005172220780157184
1928.366976304261,0.9976553320884705,0.0005160289162510618
1928.3808943150138,0.9976885914802551,0.0005125328708581939
1928.39481717941,0.9991581439971924,0.0005121534976892646
1928.4070895279078,0.9980382919311523,0.000588367513525574
1929.2670974235104,1.001448154449463,0.0005614213860682329
1929.2810604116344,1.0034844875335693,0.000556196667044453
1929.2949263241735,1.0021787881851196,0.0005521890917389503
1929.3087840931967,1.0011892318725586,0.0005558104247658248
1929.3226325418166,1.0010898113250732,0.000553659039798177
1929.336555157308,1.0013498067855835,0.0005529669790284422
1929.350478021705,1.0011688470840454,0.0005512469554257151
1929.3644013839114,1.0026490688323975,0.0005476029398624742
1929.3782536986716,1.0010592937469482,0.000551286324299973
1929.3921133263646,1.0015476942062378,0.0005523980305624219
1929.4060328305457,1.001105546951294,0.000558654205163278
1929.4130787037036,1.0022870302200317,0.0054895356155382794
1930.2637564715255,1.0026047229766846,0.000604570971884019
1930.2776607925136,1.0026428699493408,0.0005694869786028736
1930.2914570614566,1.0027029514312744,0.0005466346482004788
1930.3051198648352,1.0036062002182007,0.0005553732893243737
1930.3201653439153,1.0030736923217773,0.0006255477162132811
1930.3350286306045,1.0029754638671875,0.000687149074535077
1930.3472172441254,1.0028183460235596,0.0005468035583442532
1930.3610134310134,1.0014961957931519,0.0005530825617269518
1930.374748550061,1.0010097026824951,0.0005479675811935063
1930.3882999889775,1.0020564794540405,0.000569030619341234
1930.402734343887,1.000852108001709,0.0005444565959186329
1930.4114848572533,1.001807689666748,0.001094033791806296
1931.2611448377138,1.0055428743362427,0.000703580216668535
1931.2750686896136,1.0047554969787598,0.0006805482862713866
1931.2889824771005,1.0036698579788208,0.0006593529173197909
1931.3028937674235,1.0050146579742432,0.0006436640513186847
1931.3167615486366,1.0033098459243774,0.0006312639465624
1931.3306541867958,1.0036404132843018,0.0005887372589280435
1931.3444939765031,1.0011179447174072,0.0005694617234594253
1931.3584072580643,1.0023356676101685,0.0005715340233521995
1931.3723260155314,0.9998655319213867,0.0005655438757203523
1931.386272896538,1.0008188486099243,0.0005607840796979023
1931.400167761848,1.000232219696045,0.0005571180857647643
1931.4103469530578,1.0002659559249878,0.0008173672000964297
1934.2533445216052,1.0000241994857788,0.0009348919318885313
1934.2672683913306,0.9976035356521606,0.0008984809829232479
1934.2811575318594,0.9989739060401917,0.0008658689797418006
1934.2950721823975,1.0002762079238892,0.0008495890785335386
1934.3089837216255,0.9981657266616821,0.0008338390740249341
1934.3229022301873,1.000328779220581,0.0008225822782102145
1934.3367393820447,0.9990823864936829,0.0008196811147013276
1934.3505881620868,0.9994029402732849,0.00080812830278352
1934.36450517722,0.9988853335380554,0.0007981544381359368
1934.3784417773754,0.9981600642204285,0.000792446486057901
1934.392338460773,0.9982886910438538,0.0007799691238759333
1934.4061537189666,0.9987409114837646,0.000783550609721013
1934.4138952020205,0.9994169473648071,0.0022567742829858978
1935.250691646317,0.9999067187309265,0.0009150348286598648
1935.2646729066018,0.9999139308929443,0.0008731353292325803
1935.278586469534,1.000085473060608,0.0008413765783364851
1935.2925557316826,1.0028530359268188,0.0008253652156996873
1935.3064520430755,1.000326156616211,0.0008100469443401172
1935.3201666666666,0.9997302293777466,0.0008118188941722139
1935.334080112722,0.9993934631347656,0.0007972564183891459
1935.3481003421898,1.0027759075164795,0.000796109209408737
1935.3619485513734,1.0018982887268066,0.0007815994579460197
1935.3758699223413,1.0004903078079224,0.00076451728015669
1935.3897242351047,1.001236915588379,0.0007614101613322659
1935.4035729042212,1.0029374361038208,0.0007533893533968442
1935.4127159163477,0.9992079138755798,0.0013413430832890936
1936.2481944444446,1.0008383989334106,0.0008515969676118785
1936.2621296296297,1.0014684200286865,0.000821134859819205
1936.2760522451213,1.0019572973251343,0.0008033354646214099
1936.2899736160896,1.0018267631530762,0.0008004387927469312
1936.3037704772084,1.0023382902145386,0.0007898512853684016
1936.3176884209481,1.0015848875045776,0.0007748768475609771
1936.3316330645162,1.000531554222107,0.0007794651349464868
1936.3454847272546,1.0001895427703857,0.0007819087483160401
1936.3593465680353,1.000920295715332,0.0007748268366836953
1936.3733310688403,1.0033152103424072,0.0007684751986673003
1936.3871332779793,1.0035429000854492,0.0007633034043313825
1936.4009795649142,1.0043309926986694,0.0007550472958577505
1936.4115422453706,1.0031734704971313,0.001057392914790843
1937.245624370974,1.0020936727523804,0.0008016466379898089
1937.25947789479,1.0029199123382568,0.0007894965828139037
1937.2734826762244,1.0031709671020508,0.0007618018133323935
1937.287335572665,1.0034575462341309,0.0007513750830299641
1937.3013405575903,1.0021063089370728,0.0007462266836848554
1937.3151115093588,1.0026686191558838,0.0007277097971400925
1937.3290357427322,1.0013508796691895,0.0007262262749283193
1937.3429737903225,1.0009089708328247,0.0007212488816313651
1937.3568426680754,1.000157356262207,0.0007243017369168216
1937.37070664078,1.0002596378326416,0.0007194732669962835
1937.384650164277,1.0014526844024658,0.0007192840776670731
1937.3985058121978,1.0006647109985352,0.0007184589861373354
1937.4103389800787,1.0008888244628906,0.0008523434211755151
1938.243079574871,0.9998888373374939,0.0009119801411263577
1938.257027134774,0.9997908473014832,0.0009033818991360116
1938.2709539277187,1.0001014471054077,0.0008651688510122342
1938.2847836538463,1.0003058910369873,0.0008650199024568476
1938.2987182971015,1.0000334978103638,0.000844212841615244
1938.3125725895732,0.9972831010818481,0.0008181059123769543
1938.326466346154,0.9987305402755737,0.0008247558373104353
1938.3403280565512,0.9984962344169617,0.0008123319045506801
1938.3543859310694,0.9983171224594116,0.000826623794659772
1938.3681832519335,0.9995926022529602,0.0008262708560292024
1938.3820279520114,1.0006097555160522,0.0008139713870524065
1938.395904035829,0.9999441504478455,0.0008207036905795256
1938.4091751089327,1.0012588500976562,0.00085010332079645
1941.2348237879735,1.0023449659347534,0.0006568151228827429
1941.2487147516838,1.0008940696716309,0.000641316046173174
1941.2626786433173,1.00252103805542,0.0006183127065557411
1941.2765603843095,1.0025066137313843,0.000605810795381931
1941.2903912540253,1.0027679204940796,0.0005966462058852587
1941.3042254082038,1.0001449584960938,0.0005781539075888052
1941.3181293558348,0.9998853802680969,0.0005726071112278393
1941.3320375348467,1.0020291805267334,0.0005753366387315659
1941.3459480784545,1.001375675201416,0.0005756871843951624
1941.359862480088,1.002556324005127,0.0005743269293055985
1941.3737020682374,1.000420331954956,0.0005749154598219404
1941.3875129731382,1.003657579421997,0.0005770651252002986
1941.401470031859,1.0033960342407227,0.0005753224036102102
1941.4126906676413,1.0033061504364014,0.0007414262412570367
1942.232249184554,1.0049474239349365,0.000615647308757181
1942.2462589133677,1.0069079399108887,0.0006141027184656644
1942.2600979344727,1.0055594444274902,0.0005923634791791954
1942.2739431501388,1.00492525100708,0.000578435879302897
1942.2879531501605,1.002998948097229,0.000574589629455814
1942.3017366143315,1.0036505460739136,0.0005832198529290741
1942.3156438707736,1.0035762786865234,0.0005853906544104512
1942.3295416417766,1.002966284751892,0.0005859378632161418
1942.3434377516098,1.0034648180007935,0.0005954729106974893
1942.357804498171,1.0044182538986206,0.0006392671591448554
1942.36974192943,1.0049395561218262,0.0006755030749882314
1943.229748389694,1.0030654668807983,0.0005680352025640309
1943.243629778973,1.0030484199523926,0.0005667036407202799
1943.2575338510555,1.0009642839431763,0.0005654977108645981
1943.2714180756843,1.001503586769104,0.0005688058527334512
1943.2853448576263,1.0007919073104858,0.0005720007416051623
1943.299256894664,1.0002254247665405,0.0005739390364313247
1943.313164451413,1.0007072687149048,0.0005719699579193554
1943.3270761150934,1.0014384984970093,0.0005743787251698421
1943.3409088164253,1.0008147954940796,0.0005802619547624778
1943.3547427568694,1.0010236501693726,0.0005831524651587461
1943.3686508114295,0.99993497133255,0.0005847143418791439
1943.3825538878934,1.00078284740448,0.0005826510887343526
1943.3964792413387,0.9988923668861389,0.0005824681854226918
1943.4103926473513,1.000952124595642,0.0005867761070176609
1943.4174305555555,1.0121877193450928,0.005734513423183712
1944.2272651217793,1.0010807514190674,0.0005497206301261413
1944.2411479490238,0.9994550943374634,0.0005357784044236334
1944.2550597371564,0.9988316893577576,0.0005294215941318746
1944.2689796146954,0.9985873699188232,0.0005311428188408979
1944.2828309933577,0.9985169172286987,0.0005346916259005119
1944.2966761250505,0.9980853796005249,0.0005307972458289975
1944.3106016029474,0.9968766570091248,0.0005313907750597025
1944.3245321833933,0.9973946213722229,0.0005348562236198834
1944.3384645061733,0.9977422952651978,0.0005356514110001669
1944.3523090277774,0.997422993183136,0.0005387024668503076
1944.3661488201908,0.9975863099098206,0.0005349245734488809
1944.380069319992,0.9993395805358887,0.0005330245622755921
1944.3939940511748,0.9990566968917847,0.0005332887759548174
1944.407844831924,1.0010318756103516,0.0005381469430207511
1944.4162280092594,1.0000262260437012,0.0011724513846444148
1945.2240341248505,1.00094735622406,0.0005366826277208771
1945.2379490242936,0.9993286728858948,0.0005294668032590502
1945.2518667861414,0.9987124800682068,0.0005301967022780169
1945.2657952508964,1.0011663436889648,0.0005331751199103955
1945.2796574325687,0.9975557327270508,0.0005351987332621813
1945.2934947481087,0.9983026385307312,0.0005311669450678109
1945.3074097720028,0.9969308376312256,0.000528763063885325
1945.3213303962561,0.9953268766403198,0.0005275655431650412
1945.3352537584626,0.9963663220405579,0.0005280342215452374
1945.3491062801932,0.9982693791389465,0.0005318791542962756
1945.362951264437,0.9991175532341003,0.0005292179535183089
1945.3768702708087,0.9980334639549255,0.0005301185838464828
1945.3907782009153,0.9995005130767822,0.0005331463052406991
1945.4046190619963,0.9983733296394348,0.0005382343368715238
1945.4148132365326,1.0002222061157227,0.0007821386994289109
1946.2215156893008,1.0011134147644043,0.0005438132880661319
1946.2354973118279,1.0029113292694092,0.0005432620003999325
1946.249426523298,1.0019184350967407,0.0005408051217772199
1946.263278733897,1.0002740621566772,0.0005419279538653786
1946.2771341099165,0.9994404911994934,0.0005412932995344089
1946.2910559786935,1.0006083250045776,0.0005397669688858957
1946.3049825766625,0.9992140531539917,0.0005405646670841791
1946.3188283766099,1.0001448392868042,0.0005448935533484643
1946.3326860563513,1.0002529621124268,0.000540968485874471
1946.3466954760474,1.000057578086853,0.0005426436041152619
1946.3605566756266,1.0006661415100098,0.0005414700841999682
1946.374367114367,1.002661943435669,0.0005517149641879704
1946.3881244912493,1.0021759271621704,0.0005562128415846585
1946.4021799084026,1.0024386644363403,0.0005553783213024842
1946.4137826687572,1.0025354623794556,0.0006829181346098299
1947.2191714783603,1.003630518913269,0.0005591614776515538
1947.2331676136362,1.0030157566070557,0.0005532611416598361
1947.2468722993829,1.0021018981933594,0.000546601656589829
1947.2608325866186,1.000644326210022,0.0005392978448712675
1947.2747433791317,1.0017794370651245,0.0005403824948648647
1947.2886571557974,1.0018423795700073,0.0005394677354463998
1947.3025000000002,1.0013785362243652,0.0005471832731883323
1947.3163490086552,1.002882480621338,0.0005535664183855414
1947.3303014291464,1.0013757944107056,0.0005541207609883038
1947.3441746316207,1.000197410583496,0.0005508274891821702
1947.3580974960175,1.0000898838043213,0.0005502682573668614
1947.3719326187604,1.0008392333984375,0.0005512700731466509
1947.38576500896,1.0017915964126587,0.0005455226250652337
1947.399676299283,1.0019118785858154,0.0005479688563627085
1947.4126122685186,1.0024055242538452,0.0005966789444385005
1948.216841342061,1.0011910200119019,0.0005714390206947726
1948.2307291666666,1.000962734222412,0.0005592185678332603
1948.2445243307163,1.001150131225586,0.0005426783213820778
1948.258384358821,1.0008997917175293,0.000541428376528341
1948.2722651217791,1.003652572631836,0.0005449740181587581
1948.2861473429955,1.0024622678756714,0.0005392108726767305
1948.2999935284754,1.0006784200668335,0.0005315655218457401
1948.3139122859423,1.001395344734192,0.00054013746195049
1948.327775010065,0.9999141097068787,0.0005484198161140797
1948.3416884309584,1.0011935234069824,0.0005567944481787436
1948.3555346475505,1.0012463331222534,0.0005601013808038938
1948.369456889685,1.0004264116287231,0.00056277598756131
1948.3833722869376,1.0000735521316528,0.0005586693308930658
1948.3973028673834,1.0013986825942993,0.0005575650990809272
1948.4111609299516,1.0043551921844482,0.0005633889767904456
1948.4185069444445,1.0045852661132812,0.002227177102245508
1949.2134745868182,1.0014995336532593,0.0005390325907432008
1949.2273972023104,1.00127375125885,0.0005399223304163371
1949.2413211867793,1.0020081996917725,0.00054332035165077
1949.2552127849003,1.002127766609192,0.0005526645703518444
1949.2691553414973,1.0001177787780762,0.0005496474058985657
1949.2829947916666,0.9991378784179688,0.0005552584475268549
1949.2968326861812,1.0014054775238037,0.0005488835695271199
1949.310744100956,0.9998241066932678,0.0005515442104051076
1949.3246690810433,0.9998013973236084,0.0005497907884006669
1949.3385843538429,0.9991518259048462,0.0005523985783855603
1949.352499004381,0.9998087882995605,0.00056056905070985
1949.3663409571259,0.9995317459106445,0.0005624294294204684
1949.380185558543,1.0007299184799194,0.0005592705587139002
1949.3940987156514,1.0013636350631714,0.0005566897636505089
1949.4079750402573,1.001397728919983,0.0005552503588432793
1949.4171372126434,1.003936767578125,0.0009896939765268115
1950.2153862510766,1.0041062831878662,0.0009566394500967867
1950.231106833736,0.998991847038269,0.0008955092168498037
1950.2472878086417,1.0015132427215576,0.0010482556429208026
1950.259783950617,0.99916011095047,0.0006773159879902793
1950.2724142755392,0.9982318878173828,0.0005861244080464543
1950.2863711503626,0.996403694152832,0.0005712063105000916
1950.3002735805862,0.9963407516479492,0.0005665748978572436
1950.3140468189958,0.9953979849815369,0.000555020343174429
1950.3279658253678,0.9958633780479431,0.0005480938044018376
1950.3418870718833,0.9947311282157898,0.0005471247331626063
1950.355802469136,0.9962993264198303,0.0005490484082034313
1950.369416824495,0.9957583546638489,0.0005655973569852461
1950.3828943452377,0.9963379502296448,0.0005809863485217526
1950.3971250609156,0.9965624213218689,0.0008595053629317211
1950.412980324074,0.9991692900657654,0.0013320352314990644
1950.4189506172843,0.9936760663986206,0.0018090211465890895
1951.2084991241243,1.0030543804168701,0.0009078617666532171
1951.2239238802756,1.0023630857467651,0.000840727245823112
1951.2362683738424,1.0011532306671143,0.0006213716852989451
1951.2501913229517,1.002711534500122,0.0006671483363251279
1951.2624549617549,1.0015692710876465,0.0007740587595214592
1951.2767037037036,1.0003703832626343,0.0010275698502880683
1951.291499503968,1.0030665397644043,0.0006246590621347363
1951.3058574989823,1.0003201961517334,0.0005541780441489033
1951.319831740343,0.9988083839416504,0.0005529860862942936
1951.3337482576671,0.998588502407074,0.0005616330795211497
1951.345563568376,0.9981807470321655,0.0006674106509602834
1956.1953259611514,0.9963955879211426,0.0005885180135838421
1956.209169280167,0.9992300271987915,0.000575628262627966
1956.2231129227057,0.9970945715904236,0.0005820171876034286
1956.2369769265235,0.9969437122344971,0.000583059578750583
1956.2508657910626,0.9971914291381836,0.0005753608503864545
1956.2648019962162,0.9981927275657654,0.0005512564408778306
1956.278661936393,0.9986764788627625,0.0005481543854737305
1956.292527255077,0.9985870122909546,0.0005454646366436678
1956.3064358074469,0.9982877969741821,0.0005514243704438909
1956.320351702509,0.9971871972084045,0.000557932889945373
1956.3342724512147,0.9990825057029724,0.000558492693666329
1956.3481169484712,0.9992512464523315,0.0005544026897446628
1956.3619539028273,1.000793695449829,0.0005556462413355296
1956.3758609617685,1.0011365413665771,0.0005541666839519051
1956.389775238949,1.0019632577896118,0.0005544067794501401
1956.4036939964162,1.003786325454712,0.0005526347154166089
1956.4162689251755,1.0036696195602417,0.0006218265801886298
1957.1922376543212,1.0012270212173462,0.0005486248134290264
1957.2061071286344,0.9989882707595825,0.0005206124510719279
1957.2200171039096,1.0009770393371582,0.0005338483349165694
1957.2339452658307,1.000683069229126,0.0005132249084607468
1957.2479068538646,0.9996220469474792,0.000520966651659744
1957.261707301731,1.0013947486877441,0.0005240030326585112
1957.275550154321,0.9995096325874329,0.0005348733994774502
1957.289442054147,0.999751627445221,0.0005320971821275269
1957.303354241338,1.0006682872772217,0.0005317464363881085
1957.3172949376008,1.0013247728347778,0.0005388773502928436
1957.331232387279,0.9986984729766846,0.0005398758258882749
1957.3450934637597,1.0005048513412476,0.0005449630123199094
1957.3589276368755,1.0018409490585327,0.0005427511534073454
1957.372745194243,1.0029733180999756,0.000539624959985488
1957.3866710225004,1.0012876987457275,0.0005319522394983057
1957.400699845679,1.0040425062179565,0.0005389758839558038
1957.4144957188366,1.0005791187286377,0.0005249386323143911
1957.421898148148,1.0080236196517944,0.002096744145368485
1958.1898831270123,1.0039021968841553,0.0006239507681734857
1958.203832402375,1.0035557746887207,0.0006095452827034077
1958.2177103245715,1.0019975900650024,0.0005864957884595004
1958.2316255973712,1.0024272203445435,0.000574628498725689
1958.2454790660227,1.0022087097167969,0.0005686319767164754
1958.2593369175625,1.0020439624786377,0.0005644136759217641
1958.2732645111507,1.000815987586975,0.0005573585333813338
1958.2871239683977,1.0002541542053223,0.0005612490433350493
1958.3009973832523,1.000437617301941,0.0005567668098680793
1958.3149321734368,1.0014725923538208,0.000546649614805274
1958.3287952898552,1.0028830766677856,0.0005524814448661704
1958.342641377937,1.001194953918457,0.0005517033979467562
1958.3564974587362,1.0015182495117188,0.0005485324258188346
1958.3704171644758,1.0028173923492432,0.0005389808942593075
1958.3843669484704,1.0008922815322876,0.00053355516766106
1958.3982170893717,1.0013806819915771,0.0005364537642933218
1958.4121854871175,1.0017653703689575,0.000544321457850703
1958.420946759259,1.001234769821167,0.0010681033156109058
1959.186794998983,1.0034551620483398,0.0006838016461498229
1959.2007416510612,1.0028815269470215,0.000678586763161006
1959.2146052369571,1.0006182193756104,0.0006404228637818885
1959.2285434472935,1.0031555891036987,0.0006349999308683551
1959.2424238351248,1.0030694007873535,0.0006130634026874572
1959.2563399790918,1.0000455379486084,0.0005975307095663298
1959.2702492781757,1.0016776323318481,0.0005933634075660299
1959.284082125604,1.00017511844635,0.0005689774707353804
1959.2979040861508,1.001440167427063,0.0005458294515355321
1959.3118178763443,0.9999625086784363,0.0005379048399991243
1959.325724313023,1.0012071132659912,0.0005391294075025663
1959.3396266427712,1.0019173622131348,0.0005367692713281473
1959.3535320838312,1.0017110109329224,0.0005396343884011527
1959.367433915771,1.0013190507888794,0.0005525965967484189
1959.381325231481,1.0013281106948853,0.0005576381525520078
1959.3952344683396,1.0025155544281006,0.0005654141364796264
1959.409145011948,1.0022752285003662,0.000558084942418992
1959.4196138691889,1.0027821063995361,0.0007888674820793451
1960.1840988186466,0.9995415210723877,0.0012427251975617986
1960.1982612179486,1.009116530418396,0.0018380601326984617
1960.2165874565972,1.0011157989501953,0.0011105302911335704
1960.2262260970215,0.9977699518203735,0.0006471845645025568
1960.240058625201,0.9991652369499207,0.0006419328579426048
1960.2539816086687,0.9984518885612488,0.0006478478792280105
1960.2677649176953,0.9975627064704895,0.0006511318167170565
1960.2817413949272,0.9979544281959534,0.0006462668748830702
1960.295674532059,0.998214066028595,0.0006333487402566261
1960.3095721450616,0.999578058719635,0.0006361956824990944
1960.3234870113167,0.9989008903503418,0.0006166170378436247
1960.3373224460724,0.9987965226173401,0.0006110256821615555
1960.3512285941856,0.9986226558685303,0.0006189021236293965
1960.3650810185184,0.9988775849342346,0.0006323504125149291
1960.378948750498,0.999597430229187,0.0006470633955298329
1960.3929882733007,0.9998496770858765,0.0006574668496226033
1960.4067470492469,0.9990894794464111,0.0006576852227179008
1960.4187291315934,1.0000065565109253,0.0007791698798926024
1961.181442816443,1.000381350517273,0.0007077639797531276
1961.1954180356431,1.0000646114349365,0.0006784004482090124
1961.2094060738727,0.9975699782371521,0.0006668342854171389
1961.2232227506038,0.9980916976928711,0.0006563463554648654
1961.237082337714,0.99738609790802,0.0006463827018604589
1961.2510162783747,0.9983972311019897,0.0006391625890354652
1961.2649117317862,0.9974448084831238,0.0006382288309254275
1961.278728220828,0.9959540367126465,0.0006222023987086996
1961.292589950684,0.9966543912887573,0.0006209775231960385
1961.3065213617149,0.9958464503288269,0.0006163194165624728
1961.3203854291112,0.9959452152252197,0.0006074002883678046
1961.3343219102253,0.996603786945343,0.000602807333603453
1961.348215202294,0.9955836534500122,0.0005828642606962131
1961.3620991847818,0.9977409243583679,0.0005539583886629356
1961.3759595280762,0.9962520003318787,0.0005104267676130482
1961.3898958333336,0.996960461139679,0.0004939587799112915
1961.4037676127216,0.9989005923271179,0.00049730391754992
1961.4170299564273,0.9985570311546326,0.0005274457850377251
1962.1791518216583,0.9991651177406311,0.0007718886554134112
1962.193166971917,0.9991324543952942,0.0007506000249566312
1962.207014386698,0.9991680383682251,0.0007267817088343848
1962.2208756038642,1.0003598928451538,0.0007177174953869119
1962.234749647745,0.9992119669914246,0.0007063219417378939
1962.2486648745517,0.9984291195869446,0.000693810013448729
1962.2625979440459,0.9978483319282532,0.0006877667336098543
1962.2764437399353,0.9986555576324463,0.0006874578381072877
1962.290344706119,0.998279333114624,0.0006819851406631724
1962.3042393820451,0.9977483153343201,0.000679949579800341
1962.3181440412186,0.9980669021606445,0.0006784089953469689
1962.3319953955313,0.9996556639671326,0.0006806671452374762
1962.3458640730782,0.9989388585090637,0.0006741322228164988
1962.3598036140975,0.9978122711181641,0.0006708959823268129
1962.3736621880032,1.000687599182129,0.0006688847991217232
1962.387508213859,1.0013386011123657,0.0006503852161089163
1962.4014258512543,1.0009214878082275,0.0006177767749697723
1962.4153453554366,1.0013023614883423,0.0005578427726771692
1962.4231207912455,0.9996979832649231,0.001579747229061118
1963.1762686965815,1.001003623008728,0.0009012212878540317
1963.1900635938134,1.001760482788086,0.0008733375484635162
1963.2040316358032,1.002320408821106,0.0008395038458777958
1963.2179413410668,1.0051357746124268,0.0008307929857907998
1963.2318186392918,1.002943992614746,0.0008130563981726249
1963.2456788878935,1.0017868280410767,0.0007945936065740695
1963.2596698872785,1.0028610229492188,0.0007873602344724421
1963.273474130037,1.0007764101028442,0.0007798718408160297
1963.2872778281,1.0017573833465576,0.0007718885404382874
1963.3012419105937,0.999803900718689,0.000767566748732955
1963.315171619873,1.000412106513977,0.0007706978310229089
1963.329026897142,1.001502513885498,0.0007761056145686679
1963.3428586704913,1.0005232095718384,0.000781893361716751
1963.3568064267224,1.002446174621582,0.0007809803094847154
1963.370610853909,1.0036962032318115,0.0008109689325869363
1963.384430835368,1.0022186040878296,0.0008260576327770217
1963.3986081532921,1.0037356615066528,0.0008237118064553567
1963.4121240376612,1.0032844543457031,0.0008186485322543754
1963.4219314674522,1.0030637979507446,0.0013633391866741727
1965.1711013374488,0.9998820424079895,0.0009387424557913657
1965.1848328049514,0.9985634684562683,0.0008960039324480326
1965.1987555354272,0.9981337189674377,0.0008704961504974018
1965.2126424980083,1.0002542734146118,0.0008504560997893441
1965.2265549084025,1.0021120309829712,0.0008394311557902769
1965.2404683144166,1.0009944438934326,0.0008283697167875381
1965.2544228059583,1.0008409023284912,0.000822777781741205
1965.268233318237,1.0005534887313843,0.0008168863968224018
1965.2820187952902,1.0004000663757324,0.0008118836069999326
1965.2959469353864,0.9996089339256287,0.0008127703413014061
1965.309886523752,0.9990904927253723,0.000809736275772661
1965.3236600783478,1.0016032457351685,0.0008135945459944593
1965.3375435653352,1.0005674362182617,0.0008448654280124333
1965.3516178542673,1.000637412071228,0.0008236418494017081
1965.365432969932,1.00078547000885,0.0008230844370320002
1965.3793429196862,1.0019505023956299,0.000888275992503802
1965.3931859914687,1.0028589963912964,0.0009440947250356752
1965.4071764520202,1.0024358034133911,0.0009507932029636298
1965.4197861111113,0.9998132586479187,0.0009853845880141376
1966.1680117301291,0.9986646175384521,0.0008712661348768881
1966.1819259259255,0.997567355632782,0.0008446983914453264
1966.1958045889291,0.9980266690254211,0.0008211417114525208
1966.2097186996784,0.9962536096572876,0.0008046749331577165
1966.2236308990446,0.9962133169174194,0.0008033039718004862
1966.237596789784,0.9973375201225281,0.0007887403334429546
1966.2514543508562,0.9974533915519714,0.0007716086995846823
1966.265302687198,0.9987491369247437,0.0007718955827594211
1966.2791506123062,0.9987185001373291,0.0007606471220523736
1966.2930254881244,0.9960944652557373,0.000756379720573093
1966.3069838958584,0.9979585409164429,0.0007572601081761119
1966.3208296849834,0.9986767768859863,0.0007589068302677839
1966.3346551680756,0.9984756708145142,0.0007614584742762343
1966.3485922403381,0.9979639649391174,0.0007648918760858812
1966.3625412640904,0.999203622341156,0.0007693454682979258
1966.3763668729878,0.9983148574829102,0.0007783070149105594
1966.3902670843397,0.9970025420188904,0.0007863862153165918
1966.404112903225,0.9979149103164673,0.0007898326843123277
1966.4180404968133,0.9973811507225037,0.0008049409523339089
1966.4250810185185,1.0058462619781494,0.00790796734202328
1967.2051342592592,0.9957543611526489,0.0037408383789509963
1967.255882523148,0.9929329752922058,0.004467695770957564
1967.2711725734355,0.9999469518661499,0.001414125845099788
1967.276431712963,0.9974392652511597,0.0022642581737543225
1968.1628312155242,0.9984355568885803,0.0006942211961252792
1968.176769602049,0.9992955923080444,0.0006790931493484002
1968.1906354540022,1.000854253768921,0.0006748491419461686
1968.204513396376,1.0001696348190308,0.0006671871273632253
1968.2184697596538,0.9987689852714539,0.0006627348367284024
1968.232336345082,0.9987699389457703,0.0006588389083959939
1968.2462060431442,0.9993271827697754,0.0006500954402037682
1968.2600738002786,0.9993476867675781,0.0006548839379780022
1968.2739441735623,0.9998860955238342,0.0006492847755843778
1968.2878922872342,1.0010862350463867,0.0006476132497295179
1968.301767348666,1.0017781257629395,0.0006520482032727802
1968.3156350965328,1.0009714365005493,0.0006565210219297012
1968.3295771769103,1.0010572671890259,0.0006616499412488283
1968.3434480784551,1.001470685005188,0.000666369088251591
1968.357315553586,1.0010547637939453,0.0006673093355166921
1968.3711827956995,1.0023390054702759,0.0006815041101868327
1968.384939865137,1.0043214559555054,0.0006930901123459968
1968.3989898542159,1.0029398202896118,0.0007084729271685496
1968.4127913868538,0.9982445240020752,0.0007364802910893853
1968.4230237268516,0.9996260404586792,0.0010863818517541745
1969.160659348865,1.0035138130187988,0.0006087690287997215
1969.1745853683358,1.0023305416107178,0.0006057067130827931
1969.188488954308,1.002008080482483,0.000597428677209784
1969.2022921644768,1.0034995079040527,0.0005912431977096948
1969.216226113082,1.0024807453155518,0.0005830009899647971
1969.230158303465,1.0020320415496826,0.0005830327471059178
1969.2440246664676,1.0012646913528442,0.0005794838970421348
1969.25789102947,1.0019410848617554,0.0005802708690199811
1969.2717534099957,1.0021897554397583,0.0005787458612670489
1969.2856140481877,1.0028448104858398,0.000580828936897483
1969.2995413465326,1.0038849115371704,0.0005804249429744774
1969.31347110215,1.0047392845153809,0.0005852834615738977
1969.327335847272,1.0041711330413818,0.000592532409311753
1969.341190511748,1.0054080486297607,0.0005984232571444491
1969.35504754082,1.0051727294921875,0.0006040456004277426
1969.3689868991332,1.0061575174331665,0.0006116398431893441
1969.3829225159293,1.0044126510620117,0.0006205177977545859
1969.3966459350838,1.005063533782959,0.0006388538469788045
1969.4106801026574,1.0035189390182495,0.0006442513998120575
1969.4218887691572,1.0040932893753052,0.0008255621480301223
1971.1548542159176,0.9986052513122559,0.0005328430212677057
1971.1688025189164,0.9990843534469604,0.0005348644670599414
1971.18269777676,1.0002037286758423,0.0005549905535844462
1971.196483368559,0.9995925426483154,0.0005747193825662891
1971.2104179111907,0.9994181990623474,0.0005737799149744466
1971.2242893767418,0.9996272921562195,0.0005706619071876546
1971.2381704251297,1.00067138671875,0.0005692643458868456
1971.2520519713262,0.999758780002594,0.0005689426835046269
1971.2659276682593,0.9990854263305664,0.0005662181017158113
1971.2798069743126,0.9982881546020508,0.0005674773056460201
1971.2927204766245,1.0001170635223389,0.0007065692643518714
1971.3075729291113,0.9992501735687256,0.0005758243172804677
1971.3215258077234,1.0007210969924927,0.0005765761108608768
1971.3354857377542,1.0009560585021973,0.0005807939385352675
1971.3493674084034,1.0026599168777466,0.0005833313494024822
1971.3632535593392,1.0016354322433472,0.0005749800081129927
1971.3771742904582,1.0031064748764038,0.000592246360474687
1971.3910349462371,1.00350821018219,0.0006007504154644408
1971.4031463030062,1.0044596195220947,0.000705958238980834
1971.4197318672839,1.008395791053772,0.0024746801994956396
1974.1469257680976,1.000401258468628,0.0005271879042473766
1974.1608083183987,0.9985237717628479,0.0005101496879097279
1974.1747305605336,0.9972564578056335,0.0005121772436669195
1974.1886468289526,0.9986110329627991,0.0005079580870789601
1974.2025546346083,0.9979585409164429,0.0005112640644019197
1974.212054738562,0.9966889023780823,0.0008451118492871176
1976.1412481332138,1.0028005838394165,0.0005284863823799272
1976.1552018618072,1.0017741918563843,0.000517460596611415
1976.169052579365,1.0021876096725464,0.0005160929789718608
1976.1829807596566,1.0019049644470215,0.0005092944618150682
1976.1968829257246,1.0023003816604614,0.0005154995480269643
1976.21069947665,1.0014063119888306,0.0005175145907528952
1976.2246111362717,1.0016558170318604,0.0005155543008735843
1976.23853638285,1.00163733959198,0.0005161601080730498
1976.25239331723,1.0012232065200806,0.0005184571546737303
1976.2662459742348,1.0002983808517456,0.0005223766412012243
1976.2801992753623,1.0023813247680664,0.0005211203084185405
1976.294092190016,1.0014088153839111,0.0005194515382399247
1976.3079442179949,1.0038106441497803,0.0005174458754437072
1976.3218050523346,1.0036206245422363,0.0005210740379494222
1976.3357296644763,1.0043772459030151,0.0005232110082803675
1976.3496419585351,1.0053433179855347,0.0005423315280113218
1976.363485683374,1.0049817562103271,0.000553550049569856
1976.377407158503,1.0055196285247803,0.0005605811395255116
1976.391333912037,1.0055924654006958,0.000562981678545811
1976.4051746175521,1.006778359413147,0.0005617309842951137
1976.4184228580993,1.0060681104660034,0.0006076039496812116
1977.139153723616,1.0000859498977661,0.0005246362989908779
1977.1530775590147,1.0008152723312378,0.000523387483901305
1977.166959415257,0.9995487332344055,0.0005153639826707378
1977.1808440267714,0.9983876347541809,0.0005151031322587615
1977.19472046095,0.9979806542396545,0.0005137081269928687
1977.2086041918278,0.9983826279640198,0.0005122101643464155
1977.2224870420696,0.9985925555229187,0.0005186105537365237
1977.236355173108,0.9984999299049377,0.0005252032749513655
1977.2502913868539,0.9969906806945801,0.0005281476225287234
1977.2641740093584,0.9984046816825867,0.0005194093716646118
1977.2781234903387,0.9989117980003357,0.0005189326603467283
1977.2919958282455,0.9984933137893677,0.0005206340239016317
1977.3058889392107,0.9995266199111938,0.0005152169331081447
1977.3197532960944,1.0000216960906982,0.0005182377495250448
1977.3336111111112,0.9999751448631287,0.0005202063843397489
1977.3474816324483,1.0008604526519775,0.0005224511011175301
1977.3613439764492,1.0011610984802246,0.0005271136161000209
1977.3752796445642,1.001416802406311,0.0005348413634390931
1977.3892067985105,1.0001007318496704,0.000540767263959591
1977.4030722876412,1.0009443759918213,0.0005471530691848149
1977.4162836066491,1.0016071796417236,0.0005841025339565377
1978.1364228395066,0.9952442049980164,0.0005520203155693451
1978.1501756239936,0.9946188926696777,0.0005470146248227471
1978.164085772601,0.9949665665626526,0.0005441233996585415
1978.178032784823,0.9946144223213196,0.0005477635249017665
1978.1918953804345,0.9938002228736877,0.0005465678749615071
1978.20581815014,0.991984486579895,0.0005406653937664723
1978.2197763184379,0.9928202033042908,0.0005365396020305944
1978.2336356282353,0.9915010929107666,0.0005345537943212076
1978.2475518966544,0.9934318661689758,0.0005335852260443428
1978.2613910275768,0.9923646450042725,0.0005411602847823475
1978.275207830113,0.9925605058670044,0.0005431286308747432
1978.2891229838708,0.9956302642822266,0.000541716816823526
1978.303027055954,0.9949615597724915,0.0005437392238856599
1978.3169475557554,0.9940997362136841,0.0005533763582162244
1978.3308524990039,0.9957630634307861,0.0005411420999813364
1978.3447604291118,0.9972889423370361,0.0005393228642754411
1978.3586642522903,0.9966585040092468,0.0005505466590225243
1978.3725316697187,0.9968817830085754,0.000566555756528459
1978.3863074929548,0.9943237900733948,0.0005735679430343938
1978.4001593951284,0.9978795051574707,0.0005825340265846258
1978.4134369422134,0.996444046497345,0.0006293264335815833
1979.1336840277777,0.995136022567749,0.0005416837142198327
1979.1474295491141,0.9957961440086365,0.0005246506676396484
1979.1613410829311,0.9942280054092407,0.0005261610246980006
1979.1752133655393,0.99297696352005,0.0005337176345276808
1979.1891288331342,0.9940426349639893,0.0005328539141713014
1979.2029979340898,0.9944999814033508,0.0005266922134767002
1979.2168799780966,0.992362380027771,0.0005250086942569826
1979.2306958435086,0.9926930665969849,0.0005288154799177175
1979.2446692054964,0.993725597858429,0.0005212102314766769
1979.258554360812,0.9949069619178772,0.0005254360385346965
1979.272433293508,0.9944115281105042,0.0005381295083168718
1979.2863077459185,0.9948516488075256,0.0005434342217854339
1979.300184189566,0.9948998093605042,0.0005462163261688456
1979.314124064224,0.99480801820755,0.0005410454818851973
1979.3280666318196,0.9960113167762756,0.000542464710124223
1979.3419390929903,0.9965587854385376,0.0005412991677591737
1979.355802966946,0.9964841604232788,0.0005374377949337331
1979.3696257296701,0.9970164895057678,0.0005471525572956566
1979.38354390681,0.9994758367538452,0.0005529141484491741
1979.3974087763836,0.9972418546676636,0.0005656104299780599
1979.4106857298473,0.9983252882957458,0.0005971619126056556
1980.1307231929509,0.9991065263748169,0.0005036407897031011
1980.1446229619567,0.9999864101409912,0.0005067377543026719
1980.1585285991644,0.9987462759017944,0.00049818091310732
1980.1724427586553,1.0001035928726196,0.0005015469149633409
1980.1863507699275,1.0001792907714844,0.0005044805936491245
1980.2002571457333,0.9996700286865234,0.0005077427383943711
1980.2140843900963,0.9976533651351929,0.0005083625911131443
1980.2277109374998,1.0008265972137451,0.0005429603812969832
1980.2419168931156,0.9996079802513123,0.0005046350382503389
1980.2557543276976,1.0001474618911743,0.0005028275397386862
1980.2696956773352,0.9985470175743103,0.0005044211913699276
1980.2835804146534,0.9991670846939087,0.0005102140260952476
1980.2974053945252,1.001686692237854,0.0005142832113069025
1980.3113081192755,1.0016218423843384,0.0005153309462706639
1980.3252181461348,1.0035237073898315,0.0005207452644262128
1980.3391236061332,1.002160668373108,0.0005254811048288848
1980.3530200785024,1.0041368007659912,0.000532130724043993
1980.3667696886446,1.0032758712768555,0.0005386326978693859
1980.380719857086,1.0043398141860962,0.0005389036806465064
1980.3947331460674,1.005199909210205,0.0005610385783557086
1980.4079456699355,1.0048136711120605,0.0005803624776569283
1981.1279454151731,1.003461480140686,0.0005484768960285409
1981.1418837116685,1.00499427318573,0.0005460823979374016
1981.1558216348074,1.0025568008422852,0.000535920822076917
1981.1697374789562,1.0049935579299927,0.0005385964076184027
1981.1835552319792,1.0024102926254272,0.0005255409874887129
1981.1962777125723,1.0028398036956787,0.000596967850682279
1981.2140717592592,1.006505012512207,0.0010994398482213979
1981.225800145024,1.002244472503662,0.000549456064939577
1981.2383828703705,0.9996104836463928,0.0007074410818694152
1981.2530293880843,1.0035754442214966,0.0005287672218518155
1981.2668895609327,1.0029270648956299,0.0005235397954869672
1981.28082126145,1.0029278993606567,0.0005220245911379857
1981.2946812097432,1.0031776428222656,0.0005301113213692692
1981.308545063406,1.0046061277389526,0.000528311962619564
1981.3224834478297,1.0045816898345947,0.0005249215641651442
1981.3363542924715,1.0040732622146606,0.0005297653218521628
1981.3502271256466,1.0046111345291138,0.0005336128204284006
1981.3641075382443,1.0051101446151733,0.0005454489963281074
1981.3779975579976,1.0055032968521118,0.0005519372780646211
1981.391862305854,1.0037375688552856,0.0005503871365690907
1981.4051941721132,1.002408504486084,0.0005841444125128739
1982.1251849362807,1.0022811889648438,0.0005561143966162223
1982.1391262196335,1.0023243427276611,0.0005507868609070893
1982.1530030948068,1.0019253492355347,0.0005480735740160857
1982.166880973716,1.001634955406189,0.0005346558589077952
1982.1807690468997,1.0007684230804443,0.0005357860561248295
1982.1946602449227,1.0012140274047852,0.0005348877267090033
1982.2085388989533,1.0028903484344482,0.0005371081309319856
1982.2224178614092,1.0017296075820923,0.0005334573754090853
1982.2363771903629,1.0037082433700562,0.0005318248255206109
1982.2502573973427,1.0026342868804932,0.0005404191276461226
1982.2641763536628,1.0030144453048706,0.0005513758151541845
1982.2779783950618,1.003483772277832,0.0005554574591155514
1982.2919098466743,1.0045777559280396,0.0005441176807425802
1982.3058155270655,1.0035641193389893,0.000553768391611943
1982.3196662186385,1.003709077835083,0.0005436706334855842
1982.3335443085746,1.0049755573272705,0.0005528439072353213
1982.3474723228665,1.0045210123062134,0.0005535812618312768
1982.3613422151773,1.004351019859314,0.0005518163206090028
1982.3751033684546,1.0025510787963867,0.0005770473987878839
1982.3891367980887,1.001930594444275,0.0005689801416270367
1982.4024178094232,1.0016950368881226,0.000620245750883116
1983.1226108257226,1.0031391382217407,0.0006132170915811742
1983.1370847065284,1.0029951333999634,0.0006877531921677487
1983.1498975271004,1.0011227130889893,0.0005870619112742603
1983.1641515218678,1.0010730028152466,0.00054346491760199
1983.1781064076042,1.0009334087371826,0.0005377309791220636
1983.191931486513,1.0008653402328491,0.0005399445049528952
1983.2058396128834,0.9984546899795532,0.0005284115071506931
1983.2192159942683,0.9980669617652893,0.000544710688198125
1983.2344704861111,0.9994267821311951,0.0006369865439528289
1983.2475151447993,0.9991498589515686,0.0005442021739200726
1983.2613784348864,0.999694287776947,0.0005505835204858691
1983.2752591853819,0.9996386766433716,0.0005479852903882582
1983.2892181343586,1.0000933408737183,0.0005495597497124626
1983.3030918956592,1.0000487565994263,0.0005632595083797695
1983.316964391253,0.9999882578849792,0.0005754521298533568
1983.3308271107128,1.000881552696228,0.0005820176312023124
1983.3446872537427,1.0007331371307373,0.000571192566114213
1983.3586282259648,1.0015209913253784,0.0005824204182337928
1983.3725193739938,1.002934455871582,0.0005975791178970399
1983.3862024782136,1.002806544303894,0.0006206959337538817
1983.399666530501,1.0023834705352783,0.0006156803003651199
1984.2867993133582,0.9965417981147766,0.0005312144391330179
1984.3003820702497,0.9949601888656616,0.0005331669353871667
1984.3143540919948,0.9948354959487915,0.0005397142551160681
1984.3282607775786,0.9955536127090454,0.0005509516020810534
1984.3421649741142,0.9944379329681396,0.0005559843135697789
1984.3560595878134,0.9954089522361755,0.0005658397165254472
1984.3699464070048,0.9953013062477112,0.0005807403878597268
1984.3838913779373,0.9968127608299255,0.0005945344977507698
1984.3970487505574,0.9970687031745911,0.000634485261077743
1985.114677992725,1.000138521194458,0.0007000554142044499
1985.1342488425926,1.0007662773132324,0.0008281971473712529
1985.1448928464752,0.9978119134902954,0.0005397210940621288
1985.1587362872385,0.997954249382019,0.0005333430236715022
1985.1723822463773,0.9990520477294922,0.0006009040853280168
1985.1864236111105,0.9986308813095093,0.0005473126848390594
1985.2007134773664,0.9981922507286072,0.000534361607944621
1985.2144285145366,0.9970516562461853,0.0005263452605302734
1985.2283352001193,0.9968468546867371,0.0005278799037532501
1985.242238276583,0.9967439770698547,0.0005364521239912325
1985.2560631793474,0.9981966614723206,0.0005418447937914325
1985.2675774360669,1.0009180307388306,0.0007918353530396811
1985.2839340131275,0.9970454573631287,0.0005820877818757764
1985.297707462167,0.9974097609519958,0.0005382487214780106
1985.3116137743925,0.9968860149383545,0.0005385956264234716
1985.3255090103548,0.9961278438568115,0.0005402626273638693
1985.3394084776976,0.9990629553794861,0.0005448932702270498
1985.3533090651135,0.9987155795097351,0.0005494136662953646
1985.3672197331744,0.9983523488044739,0.0005585927559003694
1985.3811275388287,0.9985737800598145,0.000566141352322548
1985.3946581702442,1.0012670755386353,0.0005853297057034995
1987.1106481481481,1.0115909576416016,0.0016521041330270817
1987.251812900641,1.003186821937561,0.0006892376994764534
1987.3042271090537,1.002657413482666,0.0009244799808048257
1987.3163736979168,1.0023380517959595,0.0012209607208447091
1987.336058201058,0.9980797171592712,0.0018504935132039146
1987.3920124421297,1.0028237104415894,0.0017488409810522611
1989.2172643097642,1.002190113067627,0.001962830466954611
1992.0981502868356,0.9984877109527588,0.0009088176007607614
1992.1120301177536,0.9995518326759338,0.0008779144458314119
1992.1259185832341,0.9986843466758728,0.0008504691328194927
1992.139831864795,1.001265287399292,0.0008340979840274745
1992.153752737953,1.0011494159698486,0.0008233461870563527
1992.1676606680605,0.9997930526733398,0.0008129733367062328
1992.181568100359,1.0001007318496704,0.0008066972834957891
1992.1953993055558,0.9984297752380371,0.0008071425612052237
1992.209232875348,1.000549077987671,0.0008017644764623011
1992.2231537485065,0.9992858171463013,0.0008000964014220149
1992.2370562027083,1.0000905990600586,0.000796251661374915
1992.2509648795303,0.9998326301574707,0.0008011485165684431
1992.2648305041153,0.9985857605934143,0.0008197829489588662
1992.2787939317002,0.9997776746749878,0.000809091743534067
1992.292630585749,1.0003529787063599,0.0008194085729776796
1992.3064654271204,1.0007691383361816,0.0008291259026591365
1992.3203290343913,0.9994237422943115,0.0008580095825316862
1992.3342873855038,1.0007319450378418,0.0008703862192074927
1992.3483298992678,1.001063346862793,0.0008993304874451299
1992.3621068548384,1.0005829334259033,0.000909788979409476
1992.3754076026328,0.9985227584838867,0.0009859748004117876
1993.0955487397118,0.9987042546272278,0.00110016385341606
1993.1093583233771,0.9998999238014221,0.0010474957710340591
1993.1232745917964,1.0007251501083374,0.0010206273376667553
1993.1373746141978,0.9989992380142212,0.0010118667812018096
1993.1511083433977,0.9999015927314758,0.0009839653893860484
1993.1649557165856,1.000917673110962,0.00096908762384238
1993.1788078703698,1.0010184049606323,0.0009547982881291327
1993.192725694445,0.9997887015342712,0.0009548475801632185
1993.206601877013,1.00062096118927,0.0009482586443824351
1993.220450019912,0.9997378587722778,0.0009388421041749482
1993.2343805354265,1.0010243654251099,0.0009454907898586661
1993.2482854191555,1.0003536939620972,0.0009477436791069432
1993.2621311728396,0.9996494650840759,0.0009674667726000359
1993.2760587761675,1.0009713172912598,0.0009619819328348955
1993.289947161836,1.0006531476974487,0.0009745244700025408
1993.30390149177,1.0005393028259277,0.0009995356985640358
1993.3177897334147,1.0018235445022583,0.0010143464611805503
1993.3316262210012,1.002596378326416,0.001038571608207108
1993.3454484020303,1.0000338554382324,0.0010546526934226595
1993.3593387172284,1.0005078315734863,0.001110515183129557
1993.3727138447973,1.0013865232467651,0.0011906908898310145
1994.0921550925925,0.9998703002929688,0.0011463617575133687
1994.1067020179148,1.0003750324249268,0.000985456654277032
1994.120636319699,0.998441755771637,0.0009608679158034323
1994.1345221027482,0.9995389580726624,0.0009314469511093386
1994.1484378733567,0.9985837936401367,0.0009152896794184805
1994.1623551373953,0.998639702796936,0.0009040087518017142
1994.1762044585346,0.997887372970581,0.0009002728251307974
1994.1900506521304,0.9997074007987976,0.0008889326561815677
1994.2039804858623,0.9985820055007935,0.0008840694182533081
1994.2178650865542,1.0003212690353394,0.0008832470605938032
1994.2317602657004,0.9997702836990356,0.0008772748764050905
1994.245615541617,0.9995526671409607,0.0008699031310343919
1994.2595489844682,0.9999096393585205,0.0008713296758546781
1994.2734065519323,1.0012544393539429,0.0008798449853210837
1994.2872598697602,0.9985615611076355,0.0008932641589257324
1994.301138033414,1.001518964767456,0.0008958452718439623
1994.3150474409854,0.9988068342208862,0.0009099111388003451
1994.3289477657004,0.9999296069145203,0.000919359752343727
1994.3427782921813,1.0003962516784668,0.0009472491532305867
1994.356641737892,1.0010786056518555,0.0009667586253610789
1994.3700317265796,0.9992303848266602,0.0010294866843513079
1995.090132850241,0.9971367716789246,0.0008871296916660791
1995.1042600308642,0.9993595480918884,0.0008611353244456053
1995.1179546246522,0.9990238547325134,0.0008255111964668738
1995.131792094404,0.9977203607559204,0.0008115488392510813
1995.1457613998407,0.9985009431838989,0.0007951373687727398
1995.1596688321392,0.9985812902450562,0.0007854706780506348
1995.1735757666263,0.9978211522102356,0.0007769457516887657
1995.1874836967343,0.9969566464424133,0.0007702408915242136
1995.201397102748,0.9966216087341309,0.0007672549362428128
1995.21523412339,0.9970875978469849,0.0007701842345367765
1995.2290763142169,0.9959776997566223,0.0007628522974355705
1995.2429913381116,0.996021032333374,0.0007643133467575331
1995.2569885785508,0.9968507289886475,0.0007784390302509442
1995.270785024155,0.9973039627075195,0.0007772555349528398
1995.2846578099839,0.9975943565368652,0.0007881564853681986
1995.2985054510164,0.9979507923126221,0.0007934557147881172
1995.3124258263633,0.9988296627998352,0.0008049793212562154
1995.3263399790917,0.9984025955200195,0.0008180123305715368
1995.3402502737954,0.9981215000152588,0.0008400584052428145
1995.3541782407406,0.9971465468406677,0.0008745427848833633
1995.3674187059084,0.9981229901313782,0.0009444319206023373
1996.0875799103633,1.0002890825271606,0.000743334881909536
1996.1014977103462,0.9973079562187195,0.0007393176814384303
1996.1153284299085,0.9977506995201111,0.0007237500222529105
1996.1292367333738,0.9971252083778381,0.0007132485507230033
1996.1431485215053,0.9988120794296265,0.0007118163224097112
1996.1570589406608,0.9969732165336609,0.0007070392842516494
1996.1709849163674,0.998343288898468,0.0007013395548079031
1996.1848276469404,0.9988513588905334,0.0007024163182492729
1996.1986677369578,0.9991637468338013,0.0006948941255525257
1996.2125939764496,0.9965772032737732,0.0006997372730482357
1996.2265114745123,0.9967420697212219,0.0006993019817031815
1996.240360180153,0.9954342246055603,0.0007068920290821734
1996.2542071136993,0.9969031810760498,0.0007057666557664056
1996.2681271156903,0.997489869594574,0.0007096114062276825
1996.2820454998007,0.9987406730651855,0.0007134878321453545
1996.2959697331742,0.999847412109375,0.0007193872046900956
1996.309814059984,0.9988564252853394,0.000732130905585665
1996.3236506869778,0.9997951984405518,0.0007446137137146602
1996.33751270632,0.9981601238250732,0.0007690114161190963
1996.3515617451687,0.9982079267501831,0.000793033505757837
1996.3647517849174,0.9988530278205872,0.0008669572876719773
1997.0850210094602,1.0031328201293945,0.0006759028636910972
1997.0989561946462,1.003286600112915,0.0006653916301787409
1997.1128683791321,1.0015790462493896,0.000655626393551419
1997.1265750805153,1.0010604858398438,0.0006610259252135029
1997.1404628398345,0.9995681643486023,0.0006493858700972917
1997.154351113081,1.0006639957427979,0.0006411426254514351
1997.168248990347,0.9985265135765076,0.0006346311275175709
1997.1821442819155,0.9978275895118713,0.0006343271797316437
1997.196042405437,0.9977200031280518,0.0006371372787300378
1997.2099410214742,0.9995265603065491,0.0006372670920155851
1997.223836189913,0.9976699948310852,0.0006354795391033131
1997.2377328358946,0.9990851879119873,0.0006417464481462662
1997.2516413022067,0.9976392984390259,0.0006480151663192467
1997.2655450896368,0.9993177056312561,0.000657462018303598
1997.2794092244128,0.9991770386695862,0.0006712846170171075
1997.293346774194,1.0008639097213745,0.0006820273710145448
1997.3072623620958,1.0013526678085327,0.0006898662250144815
1997.3211550679675,1.0005643367767334,0.0007000761072227924
1997.334973367184,1.0013420581817627,0.0007172059720069321
1997.3487777528876,0.999786376953125,0.0007386061984685793
1997.362101905684,0.9994731545448303,0.0007871539962420901
1998.0823922242132,0.9994858503341675,0.0005096258637105836
1998.096285966747,0.9995207786560059,0.000547071717316991
1998.1101679498793,0.9996774792671204,0.0005658746850935221
1998.1239974587356,1.001217246055603,0.0005717687934012395
1998.1379060882116,1.001007318496704,0.0005672659193274376
1998.1517666019513,1.0002156496047974,0.0005660527085341712
1998.1656254978093,1.0001636743545532,0.000564802132524817
1998.1795601851848,0.9997958540916443,0.0005655936930910691
1998.193498855037,1.000797986984253,0.0005722998077123768
1998.2073659647554,1.000096321105957,0.0005740121689645424
1998.2212275985669,1.0008642673492432,0.0005775662953187537
1998.23509035245,1.000596046447754,0.0005771424631714121
1998.248959826762,0.9997665286064148,0.0005778390629291351
1998.2628613123986,1.0004465579986572,0.000584712292827891
1998.2767846237186,1.00067937374115,0.0005836087927927855
1998.2907219484268,1.0035898685455322,0.000593313275167913
1998.3045903026689,1.0033507347106934,0.0006031675764424416
1998.318459901434,1.003389596939087,0.0006172121360343354
1998.3323304958183,1.0031558275222778,0.0006348411128159902
1998.3462488677533,1.0058095455169678,0.0006586812462912634
1998.3595241171408,1.0053132772445679,0.0007046883228596888
1999.0789598429951,1.000241756439209,0.0005545703353230542
1999.0929530067701,0.9999061226844788,0.0005322287683371159
1999.1066954110702,0.9978491067886353,0.0005307878618247559
1999.1206788878928,0.9977976083755493,0.0005266029831116454
1999.134544130825,0.997803807258606,0.0005398396574512094
1999.1430450837743,0.9983422756195068,0.001148041218265662
2001.0738455794497,0.997302770614624,0.0005180007959852398
2001.0876952495971,0.9975095987319946,0.0005082204675149241
2001.1016086718444,0.9961937665939331,0.0005010248297391577
2001.1154671145334,0.9968360066413879,0.0005017820286820478
2001.129404550828,0.9958242774009705,0.000517732679325702
2001.143340427121,0.996921181678772,0.0005197746010047847
2001.157217944847,0.996876060962677,0.0005085754247527798
2001.1710694195538,0.9967278242111206,0.0005045266279969599
2001.1849252041022,0.9963095188140869,0.0005094161706619588
2001.1988478871162,0.9965644478797913,0.0005125773237566275
2001.2127719285147,0.9987822771072388,0.0005209880741123994
2001.226598102858,0.9980621337890625,0.0005306007716919044
2001.240515675322,0.9988002181053162,0.0005273209029616274
2001.254444570249,0.998081386089325,0.0005295046564904139
2001.268310062056,0.9996895790100098,0.0005359384278216357
2001.2817241332898,1.002935528755188,0.0005792021637127907
2001.2965612449798,1.002051830291748,0.0005927471921148371
2001.3098346193415,0.9989106059074402,0.0005677000429639447
2001.319505015432,1.0006959438323975,0.0009934264525993614
2002.071307332041,0.998246431350708,0.0005211610706017053
2002.0854548478085,1.0000272989273071,0.0005252394421784526
2002.0990419653526,0.999419629573822,0.0005052373262324556
2002.1129185334528,0.9984613656997681,0.0005035706214259281
2002.1267937325763,0.9978379011154175,0.0005113494983463426
2002.1405225051444,0.9988712668418884,0.0005186758445247951
2002.1545717592596,0.9973340630531311,0.0005091797211461348
2002.168451212762,1.0001899003982544,0.000513456549766194
2002.182337837158,0.9989308714866638,0.0005096419295773342
2002.196266054361,0.9990450739860535,0.0005064205553924997
2002.2101397792026,1.0006599426269531,0.0005130693493924519
2002.2239730187182,0.9989760518074036,0.000509807226506118
2002.2378422441254,0.9988003969192505,0.0005170942055613189
2002.2517570191155,0.999402642250061,0.0005223548866668297
2002.2657167214254,0.9993884563446045,0.0005328941821085227
2002.2795700169252,1.001718521118164,0.0005396275527505306
2002.2934285394263,0.9995192885398865,0.0005490800859805051
2002.3072881819987,1.0009486675262451,0.0005580135810788808
2002.3212206954288,1.0017353296279907,0.0005662382754471076
2002.335164401633,1.0004935264587402,0.0005746754654129478
2002.3484247004353,1.0007106065750122,0.0006242729381366358
2003.0687543724282,1.00124192237854,0.0005382255273567913
2003.0826283323154,1.0017796754837036,0.0005324951970368749
2003.0964618558776,1.0005429983139038,0.0005315292709892854
2003.1102929609722,1.0002272129058838,0.0005210752228573445
2003.1241954151726,1.0006775856018066,0.0005112184325214228
2003.1380946336124,1.0002601146697998,0.0005069266827857471
2003.1519934786932,0.9993189573287964,0.0005031612134416514
2003.1658865989646,1.0000715255737305,0.0004993256168357363
2003.1797759856627,0.998930037021637,0.0004921788671077304
2003.1936668657906,0.9994458556175232,0.0004920882361132663
2003.207555132417,1.0000474452972412,0.0004960740103338464
2003.2214437724017,1.0001648664474487,0.0005009469018432318
2003.2353423685777,0.9990982413291931,0.000497815709702148
2003.2492442005173,0.9999492168426514,0.0004920159370823681
2003.2631434189564,1.0022684335708618,0.0004926609022872899
2003.2766271219139,1.002197504043579,0.0005244884571458134
2003.2881641940237,1.0058120489120483,0.0007242976046902212
2003.3047288561427,1.0044726133346558,0.0005502408923094488
2003.3178715424287,1.0041261911392212,0.0005837955088351754
2003.3312021604936,1.0033023357391357,0.0009785442295090821
2003.3492761752136,1.0036364793777466,0.000881204692889519
2004.0653786199762,1.000961422920227,0.0005244334948949777
2004.0793192453202,1.0005745887756348,0.0005180301780188884
2004.09319369773,0.999880313873291,0.0005070595099320363
2004.1070763639987,0.9990502595901489,0.0004956966235088655
2004.1209474561927,0.998553454875946,0.0004920701099643584
2004.1348304958185,0.999542236328125,0.0004964435120488592
2004.148712166468,1.0000083446502686,0.0004983808830883389
2004.1625879878534,0.9996139407157898,0.0005003173644049794
2004.176451861808,0.9996650218963623,0.0004927518949891381
2004.190394626674,0.9983699917793274,0.0004877709877024175
2004.2043340551568,0.9989739656448364,0.00048806640189028434
2004.2181871017517,1.0002254247665405,0.00048633774920629416
2004.2320427618474,1.0000865459442139,0.0004879956720129049
2004.2459188321388,0.9992268681526184,0.0004890058863747136
2004.2598549546897,1.000532865524292,0.0004915614149392352
2004.2737794952218,1.0007282495498657,0.0004987813293728839
2004.2876386399846,0.9999095797538757,0.0004994232183185971
2004.301498780367,1.0014511346817017,0.0005120904542077676
2004.3153216837768,1.0003166198730469,0.0005302933643458692
2004.3292809298666,1.0024175643920898,0.0005363368773780967
2004.3429192675826,1.0022701025009155,0.0005609871080238851
2005.0627852886137,0.9990869760513306,0.0005458316265757046
2005.0767061180811,1.0002528429031372,0.0005352915620527
2005.090556426723,0.9989920854568481,0.0005251454989573593
2005.1044185583437,0.9989907145500183,0.0005258068333892916
2005.1183623916468,1.000067949295044,0.000521117318860598
2005.132299756073,0.9997057914733887,0.0005240512032378615
2005.1461584030267,0.9987079501152039,0.0005133173819555062
2005.1600242682198,0.9984777569770813,0.0005090559060956731
2005.1738857775783,0.9982471466064453,0.0005062221218300609
2005.1878160707242,0.9979956746101379,0.0005048830337197501
2005.2017516676617,0.9992349147796631,0.0005121993132578706
2005.2156212664283,0.9988031983375549,0.0005132644879620582
2005.22948862505,1.0003235340118408,0.0005161758371873453
2005.2433466497419,1.0009398460388184,0.0005254383777068961
2005.2572009408607,1.0002752542495728,0.0005222307543255192
2005.2711347517738,1.0011483430862427,0.000516358331224683
2005.2850630973721,1.0023603439331055,0.0005205796118961577
2005.2988963113933,1.0021642446517944,0.0005264531081031733
2005.3127698128244,1.0031815767288208,0.0005301583279177813
2005.3266947399532,1.002947449684143,0.0005365613044435028
2005.340017498897,1.0016825199127197,0.000572649992489518
2006.0602735463954,0.9996357560157776,0.0005032537848615622
2006.0742448559672,0.9989145994186401,0.0005067329073382342
2006.0880467194347,0.9992115497589111,0.0004947264178429589
2006.1019323725604,0.9983572959899902,0.0004909858528091846
2006.1158114297089,0.9970942139625549,0.00048767973941068397
2006.12961302335,0.9975976943969727,0.00048610549605775105
2006.1435609567902,0.9978958368301392,0.00048326801632252555
2006.1574355336516,0.9957268834114075,0.00048131271654787135
2006.1713007765825,0.9968357086181641,0.00048428381803561555
2006.1852465031511,0.9972323179244995,0.0004802583455084307
2006.19919006372,0.9962906241416931,0.0004817872444255051
2006.2130553066513,0.9978824853897095,0.00048148167499884655
2006.226849587359,0.9977303743362427,0.00048496907499911507
2006.2407887793709,0.9996046423912048,0.0004809238239819378
2006.2546547690158,0.9984305500984192,0.00048640568909646997
2006.2685288480682,0.9985911250114441,0.0004906076401108734
2006.2824060384316,0.9989019632339478,0.0004959263917043274
2006.2963536741531,0.9989525675773621,0.0004980287657498417
2006.310291591995,0.9997296929359436,0.0005044845738063386
2006.3241512345676,0.998248279094696,0.0005096311416186863
2006.3374185729845,0.9980471730232239,0.0005365223423830066
2009.0531275025025,0.9998813271522522,0.0005925897832847236
2009.0664136725043,1.0005990266799927,0.000529294710571093
2009.080348748474,1.0008141994476318,0.0005309300211236602
2009.0940995868182,0.9998832941055298,0.0005213275269567241
2009.1079582813152,1.0004633665084839,0.0005442499062931256
2009.1219684637595,0.9990686178207397,0.0005226232221136116
2009.13582126145,0.9998093247413635,0.00052141342860537
2009.149631710362,0.9994550347328186,0.0005313779273159405
2009.1637289094654,0.9986864924430847,0.0005221247509274192
2009.1773742457347,1.000734567642212,0.0005201652299913888
2009.191004155511,1.0021615028381348,0.0005419097114609439
2009.204772698045,0.9990172982215881,0.0005867316653237742
2009.2193432784636,0.9997246265411377,0.000546869252712729
2009.2335978636772,1.0001530647277832,0.0005473002866809156
2009.2473321759257,0.9998600482940674,0.0005486090441809566
2009.2606895994834,0.9994381666183472,0.000530353490325782
2009.2745580566193,1.0005466938018799,0.000525380904770573
2009.2900177897807,1.0018744468688965,0.0006509525194672501
2009.3023945649418,1.002051830291748,0.0005561289514800219
2009.3162598642675,1.0002676248550415,0.0005106760962377029
2009.326027709695,1.0034652948379517,0.0008327067620614137
2010.0560217335394,1.0034034252166748,0.0011592775134479268
2010.0733709490742,1.0098834037780762,0.002373077887778478
2010.0766049382717,0.9976564645767212,0.002709969414198081
2010.0956448412703,1.0031476020812988,0.0005540608804732015
2010.108112518156,1.0027259588241577,0.0006431399146433622
2010.1262540154949,1.0013784170150757,0.0006569699952136311
2010.137419736313,0.9995579123497009,0.0004808637978703945
2010.1524753679962,1.00055992603302,0.0005219469718312521
2010.1652199074078,1.00035560131073,0.00048160092870009176
2010.1790712116692,1.001713752746582,0.0004789868089761644
2010.1904755015432,1.0025736093521118,0.0005879337248401701
2010.2234417087543,1.0023956298828125,0.001348901901150285
2010.2558333333334,1.0052244663238525,0.0007949648033547537
2010.275087632275,1.0083668231964111,0.0012180047737467311
2010.2801099537037,1.0084973573684692,0.0011439003420627486
2010.2957031250003,1.0073206424713135,0.0007713548913109104
2010.3133992871838,1.004478096961975,0.0005993798846840098
2010.3229990133577,1.0039712190628052,0.0006128406524541206
2011.0467430804458,1.0021480321884155,0.0005909439199296482
2011.0606465126805,1.0018365383148193,0.0005779310687087858
2011.074544504181,1.0004603862762451,0.0005719835011931145
2011.088402653325,1.0008013248443604,0.0005545061317110509
2011.1023331609526,0.9984208941459656,0.0005415940735964236
2011.1162347775762,0.9982041716575623,0.0005403535213825704
2011.130043402778,0.9994341135025024,0.0005379218248282586
2011.1439450169257,1.0002743005752563,0.0005366777778468289
2011.157879358747,1.0002533197402954,0.0005294275854842332
2011.1703993055557,0.9988267421722412,0.0005901233912811239
2012.0435208593422,1.0016913414001465,0.0006055281533167155
2012.0573696069744,0.9992309212684631,0.0005707696313312769
2012.0712813977545,1.0004045963287354,0.0005483824392523809
2012.0851960204882,1.0003224611282349,0.0005414613926532639
2012.0991036249015,0.997930645942688,0.0005357793656746226
2012.1130706142976,0.9977925419807434,0.0005329958666426085
2012.1269018420014,0.9979634284973145,0.0005234352697860082
2012.1407820589409,0.9979864954948425,0.0005211532677248736
2012.154653524492,0.9971789717674255,0.0005123855739307513
2012.1685075600876,0.9970657825469971,0.0005045378014126626
2012.1824181195816,0.9966850876808167,0.0005018753261539075
2012.1963305260042,0.9975640177726746,0.0005023868422856808
2012.2101799581833,0.9965720176696777,0.0005025612336976887
2012.224038982466,0.9962781071662903,0.0005008309104064602
2012.2379580378251,0.9982496500015259,0.0004978347712963677
2012.2518762312848,0.9961303472518921,0.0004951425561787612
2012.2657870370379,0.9974348545074463,0.0004920948942896969
2012.2795603109907,0.9976372122764587,0.000495538389540769
2012.2934942502984,0.997957706451416,0.0004935628392642091
2012.3073881993698,0.9979535937309265,0.0004953071246115567
2012.32103279321,0.9972487688064575,0.000511715026472925
2013.1375131003256,0.997146487236023,0.0005026099663389955
2013.151397015367,0.9970311522483826,0.0004928761157434196
2013.1618045343134,0.9991235733032227,0.0008059886274146677
2013.2499830246916,1.0025944709777832,0.0012103223472469246
2013.260396604938,0.998338520526886,0.0005076374477995402
2013.2740819542944,0.9990979433059692,0.0004929533765609254
2013.28799177502,0.999419629573822,0.0004948378701015986
2013.3018986406626,1.0010544061660767,0.0004998940024659616
2013.3157509458379,1.0009033679962158,0.000508904567381267
2013.323648726852,0.9992344379425049,0.00143347534528839
2014.0383941587859,1.0033587217330933,0.0005790914884994529
2014.052305231979,1.001105785369873,0.000565948199107308
2014.06622463554,1.0024011135101318,0.0005536814651141604
2014.0801395045316,1.0038248300552368,0.0005435369227080864
2014.0939883263643,1.0005061626434326,0.0005364128770145458
2014.1078727098102,1.0006145238876343,0.000532838331473275
2014.1217697132618,0.9997997283935547,0.000534992700661215
2014.1356644011025,0.9999692440032959,0.000525123487174287
2014.1495600607327,0.9995152354240417,0.0005222062588868182
2014.1634597862496,0.9995189905166626,0.0005166424504086554
2014.177359991039,0.9997017979621887,0.0005162790489655012
2014.1912511081568,0.9993081092834473,0.0005148510192037586
2014.2051447381516,1.0008801221847534,0.0005166328320194566
2014.2189689117886,1.000340223312378,0.0005185326521045492
2014.232869631599,1.0011663436889648,0.000516133397658686
2014.2467695888092,0.9991199374198914,0.000515098434190339
2014.2606689568552,1.0008372068405151,0.0005155418998894466
2014.2745786785424,1.0019912719726562,0.0005190020571360709
2014.2884610175345,1.0014744997024536,0.0005086096457008368
2014.3023766676615,1.0033416748046875,0.0005095566208342465
2014.3155580357145,1.003079891204834,0.0005433140966837152
2015.0359459627643,1.004339575767517,0.0005842284957715031
2015.0497787236154,1.0048569440841675,0.000574423332472109
2015.0637269763045,1.0044609308242798,0.0005680895313026769
2015.0776456823673,1.0048317909240723,0.0005699048683133148
2015.0914452658303,1.0039116144180298,0.0005629297608158725
2015.1053625298687,1.0032672882080078,0.0005620079641923285
2015.1192881322183,1.0044783353805542,0.0005594989173811504
2015.1331326741147,1.003812551498413,0.0005514378474918956
2015.1469797889292,1.0022045373916626,0.0005380386220634808
2015.1609001642769,1.0033024549484253,0.0005281346771321952
2015.174821161887,1.0029609203338623,0.0005174727208694586
2015.1887508711661,1.0022729635238647,0.0005101220080689251
2015.202601650563,1.0013166666030884,0.0005080520205316193
2015.216457213261,1.0009431838989258,0.0005015110725220561
2015.230391278375,1.0007861852645874,0.0005001667709005087
2015.2442457981078,1.001629114151001,0.0005035938798780095
2015.2580930157305,1.0017590522766113,0.0005019673001964968
2015.2720235961765,1.002395510673523,0.000503940456264528
2015.2859641328155,1.0040980577468872,0.0005048927828875733
2015.2985524691358,1.003627896308899,0.0005647280285675101
2016.03263428415,1.0030421018600464,0.0005775742429634108
2016.0465859053497,1.002878189086914,0.0005826883281027332
2016.0605020883659,1.0033729076385498,0.0005601257184184763
2016.074383462764,1.0036237239837646,0.0005499043280625945
2016.088208180708,1.0047951936721802,0.0005469124759211025
2016.102287137681,1.001983404159546,0.0005392079331755226
2016.1161191239316,1.003666639328003,0.0005396098166271955
2016.1299066606925,1.003913164138794,0.000537226181894908
2016.143815796095,1.0043774843215942,0.0005445446985621687
2016.1577750100646,1.0040128231048584,0.0005433231784856042
2016.171663773148,1.0023910999298096,0.0005359025639625072
2016.1855002012887,1.0038154125213623,0.0005317449140646804
2016.1994259510868,1.0015184879302979,0.0005298032577391985
2016.2132602405397,1.0031672716140747,0.0005271144765420956
2016.2271146953408,1.0014630556106567,0.0005133729306414878
2016.2410380183169,1.0007778406143188,0.000511385803609272
2016.2549539553147,1.0022343397140503,0.0005144224176354769
2016.266137711176,1.001934289932251,0.0006594117603590412
2016.2955171448916,1.0037105083465576,0.0005308757956268656
2016.3092723765433,1.0058294534683228,0.0005343910016426731
2017.0300599860618,1.0035924911499023,0.0006493498963943415
2017.0440015514178,1.0029131174087524,0.0006249677149041019
2017.0579570527975,1.002586841583252,0.0006141123876490357
2017.0718672839503,1.0027775764465332,0.0006099671880407526
2017.0858205147347,1.0031150579452515,0.0006113369437081599
2017.0996839292752,1.0025016069412231,0.0006059323389198272
2017.113529719235,1.000505805015564,0.0006029938009626863
2017.1274338800242,1.0001899003982544,0.0005956980952522954
2017.141363524428,0.9998579621315002,0.0005920369979553736
2017.1551943946629,0.9982799887657166,0.0005934100525508449
2017.1690852787629,0.9989792108535767,0.0005913881853804245
2017.1830203408194,0.9992445707321167,0.0005926118946584151
2017.1968833383112,0.9989035129547119,0.0005937753918341205
2017.2107788231774,0.9977735280990601,0.0005894956942024854
2017.22469070134,0.9994113445281982,0.0005833645254328198
2017.2385198874956,1.0003737211227417,0.0005811956855216061
2017.2523862293147,1.0000855922698975,0.0005777442566019432
2017.266336928684,1.0007736682891846,0.0005679194708665633
2017.2802450256115,1.0024690628051758,0.0005496524291380108
2017.294079923337,1.002636194229126,0.0005432854308486025
2017.3073240740741,1.001372218132019,0.0005683605828176597
2018.0275970252164,0.9997516870498657,0.0006950550352171301
2018.0415504227055,0.9984503388404846,0.0006760364517716851
2018.0553646455594,0.9992828965187073,0.000655287558459463
2018.0692719414897,1.0002840757369995,0.000643654651329131
2018.0831034873188,0.9975240230560303,0.0006242096316518089
2018.0970947829549,0.9959438443183899,0.0006128284827465435
2018.1109432248109,0.9970990419387817,0.0006034358000814343
2018.1248337765949,0.9959734082221985,0.0005969794454481701
2018.138725358423,0.9954262971878052,0.0005946423607589066
2018.1526230053191,0.9954955577850342,0.0005914820577899321
2018.1665147102747,0.9951201677322388,0.0005949109199098106
2018.180408170803,0.9954811930656433,0.0005903645226773764
2018.1942993329349,0.9949328899383545,0.0005946919895734443
2018.2082062647758,0.9960400462150574,0.000596039779292584
2018.2221047391474,0.995876133441925,0.0006025885435519064
2018.2359580346476,0.9970912933349609,0.0006160702127621889
2018.2498914774983,0.9972429871559143,0.000617250259607287
2018.2637191358024,0.9986568093299866,0.000617287655201091
2018.2775555057751,0.9975708723068237,0.0006176006981046025
2018.2915490591397,0.9996722340583801,0.0006186052663106639
2018.304710648148,0.9967106580734253,0.0006318478602329482
2019.0236758673225,0.9989593029022217,0.0008817307720270402
2019.0384845350673,0.9982131719589233,0.0007680172438887797
2019.0513648073475,1.0000392198562622,0.0009437340396799968
2019.0659711934156,0.9991844296455383,0.0007492057449114719
2019.0782000830957,0.9987746477127075,0.0011978873402892266
2019.0950401017203,0.9981448650360107,0.0008950447163679058
2019.1012268518518,0.9939588308334351,0.008237356203244593
2022.0163304863765,0.9991692900657654,0.0010433860091119212
2022.0300412640904,0.9989556670188904,0.0009824108809470369
2022.0439579475305,0.9996054172515869,0.0009668205812451285
2022.0578392572677,1.0011135339736938,0.000929059588325286
2022.0717554012347,1.0019344091415405,0.0009064284402349148
2022.0856122812372,1.000430703163147,0.0009007241873921339
2022.099419802867,0.9989774227142334,0.0008783377352966304
2022.1133515750805,1.000003457069397,0.0008741279196261783
2022.1272687701291,0.9992431402206421,0.0008686885142863562
2022.1411652479096,0.9987499713897705,0.0008644662994914668
2022.1550877389484,1.0007965564727783,0.000866542382831983
2022.1689256239931,1.000359058380127,0.0008701360922158819
2022.1827735463955,1.001198410987854,0.0008699696252471829
2022.1966941706494,1.0008628368377686,0.0008783802165264474
2022.2106120569497,1.0007621049880981,0.0008910534114765485
2022.2245260852255,1.002011775970459,0.0009072672415178061
2022.238088962542,1.0003362894058228,0.0009494753959862801
2023.013474022634,0.9979026913642883,0.0010611766718481212
2023.027397263837,0.9979760050773621,0.0010280248735899246
2023.0413740790525,0.9976711273193359,0.0009827892356062708
2023.0554062372814,0.9963659644126892,0.0009681883898903386
2023.0691382458851,0.9997936487197876,0.0009469574900046435
2023.0829835950078,0.9992861747741699,0.0009156437577530559
2023.0969222919152,0.9977693557739258,0.0008980248806547226
2023.110886243386,0.9988741874694824,0.0008977768506607284
2023.1247151771336,0.9979570508003235,0.0008888632548811937
2023.1385981531803,0.9972711205482483,0.0008857187030665737
2023.1523349104602,0.9961475133895874,0.0008881055962497769
2023.166393340456,0.9964033365249634,0.0008881234151672744
2023.1775419560186,0.9959367513656616,0.001137032632713011
2024.0114670514674,0.9968230128288269,0.0009422485703733002
2024.0253673453285,0.9959918260574341,0.00087404682028036
2024.039135536399,0.9958802461624146,0.0008685006021937469
2024.0529453388046,0.9951285123825073,0.0008503336032152195
2024.0669826007331,0.9957584142684937,0.0008229806011961314
2024.0807790242166,0.9953905344009399,0.000811558560561082
2024.0946068630444,0.9954911470413208,0.0007997131783237838
2024.108702932099,0.9939659833908081,0.0008013746711257694
2024.1225070937876,0.9927029609680176,0.0007862417924851141
2024.136443833944,0.9937688112258911,0.0007938361674894374
2024.1502453449327,0.9937105178833008,0.0007906167608149836
2024.1641402673743,0.9942730665206909,0.0007976498844174126
2024.1780342078189,0.9942764043807983,0.0008007146203901384
2024.191998666466,0.9949015974998474,0.0008049013178155844
2024.2058310688406,0.9956859946250916,0.0008183260502915988
2024.219582047325,0.9965031743049622,0.0008392146024913381
2024.23281835676,0.9953528642654419,0.0008878901904361591
2025.0079810557681,0.9982893466949463,0.0006791551274724994
2025.0219042602994,0.9978081583976746,0.0007070205299428995
2025.0356430041152,0.997338056564331,0.0007056667497464254
2025.049704346708,0.9966282844543457,0.0007088735686288005
2025.0634322729982,0.9971612095832825,0.0006908769732419303
2025.0773436213992,0.996146023273468,0.0006992291951542049
2025.0911711201688,0.9967194199562073,0.0006914415182658697
2025.1051045400238,0.9965434670448303,0.0006819272997969446
2025.118928140097,0.9955402612686157,0.0006819120392396028
2025.1328643370766,0.9958047866821289,0.0006730243583244313
2025.1467829052167,0.9957240223884583,0.0006768206174010254
2025.160623879928,0.9967405796051025,0.0006759107377857121
2025.174540607762,0.99592125415802,0.0006795517895991373
2025.1884566656713,0.9971341490745544,0.0006810575397316509
2025.2022973914782,0.9982945919036865,0.0006790944803490114
2025.2160706654456,0.9969999194145203,0.0006916504519314203
2025.229764531893,0.9987148642539978,0.0007106541596507418
2026.0053132387702,0.9972836375236511,0.0005285118276489729
2026.0192361111115,0.9964666962623596,0.000537011082496914
2026.0331702898554,0.9985117316246033,0.0005540351990424768
2026.0470351702506,0.997403085231781,0.0005890562646437784
2026.0608649104265,0.9978461861610413,0.0006147336479343681
2026.0748451338573,0.9989972114562988,0.0006185184367684585
2026.0886490690962,0.9987156391143799,0.0006175244458524127
2026.1025253882913,1.0003353357315063,0.0006186522316251341
2026.116397849462,0.9987943768501282,0.0006240004498395905
2026.1302711818,0.9981629848480225,0.0006249472722982559
2026.1442461917566,0.998632550239563,0.0006205820488594041
2026.1581788446056,1.000609040260315,0.0006250224926692283
2026.1720314366783,1.0009294748306274,0.0006236052988434447
2026.1858756038644,1.0001754760742188,0.0006287455923822378
2026.1997774790925,0.9995654225349426,0.0006249888918977054
2026.2136419753092,0.9993122816085815,0.0006246658870031626
2026.2275053514536,0.9993938207626343,0.0006278110885545515
2026.2414200885669,1.0011478662490845,0.000639918128480709
2026.2553967542806,0.998135507106781,0.0006478242586680093
2026.269271828953,0.9977687001228333,0.0006611071038577438
2026.2825147431656,0.9981432557106018,0.0007171622820880878
2027.0027944958854,1.0017681121826172,0.0006235537415802523
2027.016663342198,1.0030404329299927,0.0005815350537427083
2027.0274314633261,1.002134084701538,0.0007642935623194487
2027.043228217972,0.9999579787254333,0.0006653056974251793
2027.0633050411523,1.0036277770996094,0.0009960847086388893
2027.0721380876064,1.0023493766784668,0.000599410652464904
2027.0853219568653,0.9997414350509644,0.0006045502842220376
2027.1022493055557,1.0008329153060913,0.0008101368881264101
2027.1140652937418,1.0005865097045898,0.0006105859844570166
2027.1277737145392,0.999286949634552,0.0005785453317623123
2027.141676393815,0.9994137287139893,0.0005731852334920923
2027.1555862145383,1.0001848936080933,0.000575838446484878
2027.1694992366033,1.0022696256637573,0.0005796599610389648
2027.1814213653956,1.0018140077590942,0.0007027580632508369
2027.217861381993,1.003208041191101,0.0006029580664766774
2027.2276334635417,1.006242275238037,0.001046074394311964
2027.2467865622036,1.0026500225067139,0.0006794806442081021
2027.256848659004,1.0051400661468506,0.0011224030721092518
2027.2696489197533,1.00352942943573,0.0018816341770057667
2029.9944824376,0.9928662776947021,0.0005659658739276093
2030.0085280797105,0.9943077564239502,0.0005500300642617676
2030.0223840048839,0.9925402402877808,0.0005431844349794876
2030.0361513092391,0.9938676953315735,0.0005266881773202866
2030.0500364645566,0.9941597580909729,0.0005183572449108214
2030.0639340770288,0.9941668510437012,0.0005081270309923174
2030.077759913446,0.9939223527908325,0.0005045443677460687
2030.091731062844,0.9943275451660156,0.0004926405756126042
2030.1056180306653,0.9946579933166504,0.0004947677891673722
2030.1195104412918,0.994776725769043,0.0004914926276442214
2030.1333671749196,0.9957227110862732,0.0004937707800717071
2030.1473170311272,0.99399334192276,0.00048451463447374813
2030.1612050726808,0.9948543310165405,0.00048244184243208173
2030.1750833579588,0.9949671626091003,0.00048705872279556636
2030.1889695340508,0.9969289898872375,0.0005007999783083903
2030.202797814616,0.9975278973579407,0.000507909862371093
2030.216070188492,0.995998203754425,0.0005364501749459585
